日期 (Date),總累積心質點(Total Points},今日心情(Today's Mood),連續打勾理由(Check-in Reason),連續打勾天數(Consecutive Days)
,,,,0
,,,,0
,,,,0
,,,,0
,,,,0
,,,,0
,,,,0
,,,,0
,,,,0
,,,,0
,,,,0
,,,,0
,,,,0
,,,,0
,,,,0
,,,,0
,,,,0
,,,,0
,,,,0
,,,,0
,,,,0
,,,,0
,,,,0
,,,,0
,,,,0
,,,,0
,,,,0
,,,,0
,,,,0
,,,,0
,,,,0
,,,,0
,,,,0
,,,,0
,,,,0
,,,,0
,,,,0
,,,,0
,,,,0
,,,,0
,,,,0
,,,,0
,,,,0
,,,,0
,,,,0
,,,,0
,,,,0
,,,,0
,,,,0
,,,,0
,,,,0
,,,,0
,,,,0
,,,,0
,,,,0
,,,,0
,,,,0
,,,,0
,,,,0
,,,,0
,,,,0
,,,,0
,,,,0
,,,,0
,,,,0
,,,,0
,,,,0
,,,,0
,,,,0
,,,,0
,,,,0
,,,,0
,,,,0
,,,,0
,,,,0
,,,,0
,,,,0
,,,,0
,,,,0
,,,,0
,,,,0
,,,,0
,,,,0
,,,,0
,,,,0
,,,,0
,,,,0
,,,,0
,,,,0
,,,,0
,,,,0
,,,,0
,,,,0
,,,,0
,,,,0
,,,,0
,,,,0
,,,,0
,,,,0
,,,,0
,,,,0
,,,,0
,,,,0
,,,,0
,,,,0
,,,,0
,,,,0
,,,,0
,,,,0
,,,,0
,,,,0
,,,,0
,,,,0
,,,,0
,,,,0
,,,,0
,,,,0
,,,,0
,,,,0
,,,,0
,,,,0
,,,,0
,,,,0
,,,,0
,,,,0
,,,,0
,,,,0
,,,,0
,,,,0
,,,,0
,,,,0
,,,,0
,,,,0
,,,,0
,,,,0
,,,,0
,,,,0
,,,,0
,,,,0
,,,,0
,,,,0
,,,,0
,,,,0
,,,,0
,,,,0
,,,,0
,,,,0
,,,,0
,,,,0
,,,,0
,,,,0
,,,,0
,,,,0
,,,,0
,,,,0
,,,,0
,,,,0
,,,,0
,,,,0
,,,,0
,,,,0
,,,,0
,,,,0
,,,,0
,,,,0
,,,,0
,,,,0
,,,,0
,,,,0
,,,,0
,,,,0
,,,,0
,,,,0
,,,,0
,,,,0
,,,,0
,,,,0
,,,,0
,,,,0
,,,,0
,,,,0
,,,,0
,,,,0
,,,,0
,,,,0
,,,,0
,,,,0
,,,,0
,,,,0
,,,,0
,,,,0
,,,,0
,,,,0
,,,,0
,,,,0
,,,,0
,,,,0
,,,,0
,,,,0
,,,,0
,,,,0
,,,,0
,,,,0
,,,,0
,,,,0
,,,,0
,,,,0
,,,,0
,,,,0
,,,,0
,,,,0
,,,,0
,,,,0
,,,,0
,,,,0
,,,,0
,,,,0
,,,,0
,,,,0
,,,,0
,,,,0
,,,,0
,,,,0
,,,,0
,,,,0
,,,,0
,,,,0
,,,,0
,,,,0
,,,,0
,,,,0
,,,,0
,,,,0
,,,,0
,,,,0
,,,,0
,,,,0
,,,,0
,,,,0
,,,,0
,,,,0
,,,,0
,,,,0
,,,,0
,,,,0
,,,,0
,,,,0
,,,,0
,,,,0
,,,,0
,,,,0
,,,,0
,,,,0
,,,,0
,,,,0
,,,,0
,,,,0
,,,,0
,,,,0
,,,,0
,,,,0
,,,,0
,,,,0
,,,,0
,,,,0
,,,,0
,,,,0
,,,,0
,,,,0
,,,,0
,,,,0
,,,,0
,,,,0
,,,,0
,,,,0
,,,,0
,,,,0
,,,,0
,,,,0
,,,,0
,,,,0
,,,,0
,,,,0
,,,,0
,,,,0
,,,,0
,,,,0
,,,,0
,,,,0
,,,,0
,,,,0
,,,,0
,,,,0
,,,,0
,,,,0
,,,,0
,,,,0
,,,,0
,,,,0
,,,,0
,,,,0
,,,,0
,,,,0
,,,,0
,,,,0
,,,,0
,,,,0
,,,,0
,,,,0
,,,,0
,,,,0
,,,,0
,,,,0
,,,,0
,,,,0
,,,,0
,,,,0
,,,,0
,,,,0
,,,,0
,,,,0
,,,,0
,,,,0
,,,,0
,,,,0
,,,,0
,,,,0
,,,,0
,,,,0
,,,,0
,,,,0
,,,,0
,,,,0
,,,,0
,,,,0
,,,,0
,,,,0
,,,,0
,,,,0
,,,,0
,,,,0
,,,,0
,,,,0
,,,,0
,,,,0
,,,,0
,,,,0
,,,,0
,,,,0
,,,,0
,,,,0
,,,,0
,,,,0
,,,,0
,,,,0
,,,,0
,,,,0
,,,,0
,,,,0
,,,,0
,,,,0
,,,,0
,,,,0
,,,,0
,,,,0
,,,,0
,,,,0
,,,,0
,,,,0
,,,,0
,,,,0
,,,,0
,,,,0
,,,,0
,,,,0
,,,,0
,,,,0
,,,,0
,,,,0
,,,,0
,,,,0
,,,,0
,,,,0
,,,,0
,,,,0
,,,,0
,,,,0
,,,,0
,,,,0
,,,,0
,,,,0
,,,,0
,,,,0
,,,,0
,,,,0
,,,,0
,,,,0
,,,,0
,,,,0
,,,,0
,,,,0
,,,,0
,,,,0
,,,,0
,,,,0
,,,,0
,,,,0
,,,,0
,,,,0
,,,,0
,,,,0
,,,,0
,,,,0
,,,,0
,,,,0
,,,,0
,,,,0
,,,,0
,,,,0
,,,,0
,,,,0
,,,,0
,,,,0
,,,,0
,,,,0
,,,,0
,,,,0
,,,,0
,,,,0
,,,,0
,,,,0
,,,,0
,,,,0
,,,,0
,,,,0
,,,,0
,,,,0
,,,,0
,,,,0
,,,,0
,,,,0
,,,,0
,,,,0
,,,,0
,,,,0
,,,,0
,,,,0
,,,,0
,,,,0
,,,,0
,,,,0
,,,,0
,,,,0
,,,,0
,,,,0
,,,,0
,,,,0
,,,,0
,,,,0
,,,,0
,,,,0
,,,,0
,,,,0
,,,,0
,,,,0
,,,,0
,,,,0
,,,,0
,,,,0
,,,,0
,,,,0
,,,,0
,,,,0
,,,,0
,,,,0
,,,,0
,,,,0
,,,,0
,,,,0
,,,,0
,,,,0
,,,,0
,,,,0
,,,,0
,,,,0
,,,,0
,,,,0
,,,,0
,,,,0
,,,,0
,,,,0
,,,,0
,,,,0
,,,,0
,,,,0
,,,,0
,,,,0
,,,,0
,,,,0
,,,,0
,,,,0
,,,,0
,,,,0
,,,,0
,,,,0
,,,,0
,,,,0
,,,,0
,,,,0
,,,,0
,,,,0
,,,,0
,,,,0
,,,,0
,,,,0
,,,,0
,,,,0
,,,,0
,,,,0
,,,,0
,,,,0
,,,,0
,,,,0
,,,,0
,,,,0
,,,,0
,,,,0
,,,,0
,,,,0
,,,,0
,,,,0
,,,,0
,,,,0
,,,,0
,,,,0
,,,,0
,,,,0
,,,,0
,,,,0
,,,,0
,,,,0
,,,,0
,,,,0
,,,,0
,,,,0
,,,,0
,,,,0
,,,,0
,,,,0
,,,,0
,,,,0
,,,,0
,,,,0
,,,,0
,,,,0
,,,,0
,,,,0
,,,,0
,,,,0
,,,,0
,,,,0
,,,,0
,,,,0
,,,,0
,,,,0
,,,,0
,,,,0
,,,,0
,,,,0
,,,,0
,,,,0
,,,,0
,,,,0
,,,,0
,,,,0
,,,,0
,,,,0
,,,,0
,,,,0
,,,,0
,,,,0
,,,,0
,,,,0
,,,,0
,,,,0
,,,,0
,,,,0
,,,,0
,,,,0
,,,,0
,,,,0
,,,,0
,,,,0
,,,,0
,,,,0
,,,,0
,,,,0
,,,,0
,,,,0
,,,,0
,,,,0
,,,,0
,,,,0
,,,,0
,,,,0
,,,,0
,,,,0
,,,,0
,,,,0
,,,,0
,,,,0
,,,,0
,,,,0
,,,,0
,,,,0
,,,,0
,,,,0
,,,,0
,,,,0
,,,,0
,,,,0
,,,,0
,,,,0
,,,,0
,,,,0
,,,,0
,,,,0
,,,,0
,,,,0
,,,,0
,,,,0
,,,,0
,,,,0
,,,,0
,,,,0
,,,,0
,,,,0
,,,,0
,,,,0
,,,,0
,,,,0
,,,,0
,,,,0
,,,,0
,,,,0
,,,,0
,,,,0
,,,,0
,,,,0
,,,,0
,,,,0
,,,,0
,,,,0
,,,,0
,,,,0
,,,,0
,,,,0
,,,,0
,,,,0
,,,,0
,,,,0
,,,,0
,,,,0
,,,,0
,,,,0
,,,,0
,,,,0
,,,,0
,,,,0
,,,,0
,,,,0
,,,,0
,,,,0
,,,,0
,,,,0
,,,,0
,,,,0
,,,,0
,,,,0
,,,,0
,,,,0
,,,,0
,,,,0
,,,,0
,,,,0
,,,,0
,,,,0
,,,,0
,,,,0
,,,,0
,,,,0
,,,,0
,,,,0
,,,,0
,,,,0
,,,,0
,,,,0
,,,,0
,,,,0
,,,,0
,,,,0
,,,,0
,,,,0
,,,,0
,,,,0
,,,,0
,,,,0
,,,,0
,,,,0
,,,,0
,,,,0
,,,,0
,,,,0
,,,,0
,,,,0
,,,,0
,,,,0
,,,,0
,,,,0